feature,mean_abs_shap,importance_pct
description_length_words,0.18337,35.49
description_lexical_diversity,0.15229,29.47
company_data_completeness_score,0.06278,12.15
listing_age_bucket,0.0302,5.84
desc_per_day,0.02637,5.1
salary_disclosed_num,0.01568,3.03
salary_range_ratio,0.01176,2.28
velocity_x_no_salary,0.01055,2.04
days_live,0.00605,1.17
portal_ghost_baseline,0.0059,1.14
employer_repost_count,0.00476,0.92
posting_velocity_per_week,0.0045,0.87
city_tier,0.00095,0.18
remote_ambiguity_flag,0.00068,0.13
salary_vs_market_gap,0.00039,0.08
urgency_language_score,0.00036,0.07
contact_bypass_flag,0.00015,0.03
experience_range,0.0,0.0
cross_platform_duplicate_flag,0.0,0.0
