time,at_risk,events,survival_prob,ci_lower,ci_upper,cohort
0.0,1711,0,1.0,1.0,1.0,Status: Genuine
1.0,1711,793,0.5365,0.5129,0.5602,Status: Genuine
2.0,918,28,0.5202,0.4965,0.5438,Status: Genuine
3.0,890,91,0.467,0.4433,0.4906,Status: Genuine
4.0,799,72,0.4249,0.4015,0.4483,Status: Genuine
5.0,727,56,0.3922,0.369,0.4153,Status: Genuine
6.0,671,28,0.3758,0.3529,0.3988,Status: Genuine
7.0,643,34,0.3559,0.3332,0.3786,Status: Genuine
8.0,609,16,0.3466,0.324,0.3691,Status: Genuine
9.0,593,11,0.3402,0.3177,0.3626,Status: Genuine
10.0,582,28,0.3238,0.3016,0.346,Status: Genuine
11.0,554,66,0.2852,0.2638,0.3066,Status: Genuine
12.0,488,306,0.1064,0.0918,0.121,Status: Genuine
13.0,182,24,0.0923,0.0786,0.1061,Status: Genuine
14.0,158,23,0.0789,0.0661,0.0917,Status: Genuine
15.0,135,15,0.0701,0.058,0.0822,Status: Genuine
16.0,120,4,0.0678,0.0559,0.0797,Status: Genuine
17.0,116,9,0.0625,0.0511,0.074,Status: Genuine
18.0,107,21,0.0503,0.0399,0.0606,Status: Genuine
19.0,86,16,0.0409,0.0315,0.0503,Status: Genuine
20.0,70,12,0.0339,0.0253,0.0425,Status: Genuine
21.0,58,16,0.0245,0.0172,0.0319,Status: Genuine
22.0,42,5,0.0216,0.0147,0.0285,Status: Genuine
23.0,37,1,0.021,0.0142,0.0278,Status: Genuine
24.0,36,2,0.0199,0.0133,0.0265,Status: Genuine
25.0,34,1,0.0193,0.0128,0.0258,Status: Genuine
26.0,33,8,0.0146,0.0089,0.0203,Status: Genuine
27.0,25,2,0.0134,0.008,0.0189,Status: Genuine
28.0,23,1,0.0129,0.0075,0.0182,Status: Genuine
29.0,22,4,0.0105,0.0057,0.0154,Status: Genuine
30.0,18,1,0.0099,0.0052,0.0146,Status: Genuine
33.0,17,1,0.0094,0.0048,0.0139,Status: Genuine
34.0,16,1,0.0088,0.0043,0.0132,Status: Genuine
35.0,15,2,0.0076,0.0035,0.0117,Status: Genuine
36.0,13,1,0.007,0.0031,0.011,Status: Genuine
38.0,12,1,0.0064,0.0026,0.0102,Status: Genuine
40.0,11,2,0.0053,0.0018,0.0087,Status: Genuine
42.0,9,1,0.0047,0.0014,0.0079,Status: Genuine
48.0,8,1,0.0041,0.0011,0.0071,Status: Genuine
49.0,7,2,0.0029,0.0004,0.0055,Status: Genuine
52.0,5,1,0.0023,0.0,0.0046,Status: Genuine
54.0,4,1,0.0018,0.0,0.0037,Status: Genuine
55.0,3,2,0.0006,0.0,0.0017,Status: Genuine
56.0,1,1,0.0,0.0,0.0,Status: Genuine
0.0,712,0,1.0,1.0,1.0,Status: Suspect
1.0,712,135,0.8104,0.7816,0.8392,Status: Suspect
2.0,577,7,0.8006,0.7712,0.8299,Status: Suspect
3.0,570,10,0.7865,0.7564,0.8166,Status: Suspect
4.0,560,10,0.7725,0.7417,0.8033,Status: Suspect
5.0,550,5,0.7654,0.7343,0.7966,Status: Suspect
6.0,545,8,0.7542,0.7226,0.7858,Status: Suspect
7.0,537,4,0.7486,0.7167,0.7805,Status: Suspect
8.0,533,3,0.7444,0.7123,0.7764,Status: Suspect
9.0,530,3,0.7402,0.708,0.7724,Status: Suspect
10.0,527,8,0.7289,0.6963,0.7616,Status: Suspect
11.0,519,7,0.7191,0.6861,0.7521,Status: Suspect
12.0,512,8,0.7079,0.6745,0.7413,Status: Suspect
13.0,504,16,0.6854,0.6513,0.7195,Status: Suspect
14.0,488,7,0.6756,0.6412,0.71,Status: Suspect
15.0,481,1,0.6742,0.6397,0.7086,Status: Suspect
16.0,480,3,0.6699,0.6354,0.7045,Status: Suspect
17.0,477,8,0.6587,0.6239,0.6935,Status: Suspect
18.0,469,8,0.6475,0.6124,0.6826,Status: Suspect
19.0,461,14,0.6278,0.5923,0.6633,Status: Suspect
20.0,447,8,0.6166,0.5809,0.6523,Status: Suspect
21.0,439,14,0.5969,0.5609,0.6329,Status: Suspect
22.0,425,2,0.5941,0.558,0.6302,Status: Suspect
24.0,423,6,0.5857,0.5495,0.6219,Status: Suspect
25.0,417,12,0.5688,0.5324,0.6052,Status: Suspect
26.0,405,11,0.5534,0.5169,0.5899,Status: Suspect
27.0,394,13,0.5351,0.4985,0.5717,Status: Suspect
28.0,381,12,0.5183,0.4816,0.555,Status: Suspect
29.0,369,9,0.5056,0.4689,0.5423,Status: Suspect
30.0,360,1,0.5042,0.4675,0.5409,Status: Suspect
31.0,359,13,0.486,0.4492,0.5227,Status: Suspect
32.0,346,10,0.4719,0.4352,0.5086,Status: Suspect
33.0,336,13,0.4537,0.4171,0.4902,Status: Suspect
34.0,323,10,0.4396,0.4031,0.4761,Status: Suspect
35.0,313,6,0.4312,0.3948,0.4676,Status: Suspect
37.0,307,1,0.4298,0.3934,0.4661,Status: Suspect
38.0,306,5,0.4228,0.3865,0.459,Status: Suspect
39.0,301,9,0.4101,0.374,0.4462,Status: Suspect
40.0,292,2,0.4073,0.3712,0.4434,Status: Suspect
41.0,290,8,0.3961,0.3601,0.432,Status: Suspect
42.0,282,7,0.3862,0.3505,0.422,Status: Suspect
43.0,275,3,0.382,0.3463,0.4177,Status: Suspect
44.0,272,1,0.3806,0.345,0.4163,Status: Suspect
45.0,271,7,0.3708,0.3353,0.4063,Status: Suspect
46.0,264,8,0.3596,0.3243,0.3948,Status: Suspect
47.0,256,3,0.3553,0.3202,0.3905,Status: Suspect
48.0,253,4,0.3497,0.3147,0.3847,Status: Suspect
49.0,249,7,0.3399,0.3051,0.3747,Status: Suspect
50.0,242,1,0.3385,0.3037,0.3732,Status: Suspect
52.0,241,2,0.3357,0.301,0.3704,Status: Suspect
53.0,239,2,0.3329,0.2983,0.3675,Status: Suspect
54.0,237,4,0.3272,0.2928,0.3617,Status: Suspect
55.0,233,7,0.3174,0.2832,0.3516,Status: Suspect
56.0,226,5,0.3104,0.2764,0.3444,Status: Suspect
57.0,221,2,0.3076,0.2737,0.3415,Status: Suspect
58.0,219,2,0.3048,0.271,0.3386,Status: Suspect
59.0,217,4,0.2992,0.2655,0.3328,Status: Suspect
60.0,213,3,0.2949,0.2614,0.3284,Status: Suspect
61.0,210,7,0.2851,0.252,0.3183,Status: Suspect
62.0,203,5,0.2781,0.2452,0.311,Status: Suspect
63.0,198,8,0.2669,0.2344,0.2993,Status: Suspect
66.0,190,2,0.264,0.2317,0.2964,Status: Suspect
67.0,188,4,0.2584,0.2263,0.2906,Status: Suspect
68.0,184,9,0.2458,0.2142,0.2774,Status: Suspect
69.0,175,2,0.243,0.2115,0.2745,Status: Suspect
70.0,173,1,0.2416,0.2101,0.273,Status: Suspect
71.0,172,2,0.2388,0.2074,0.2701,Status: Suspect
73.0,170,4,0.2331,0.2021,0.2642,Status: Suspect
75.0,166,6,0.2247,0.1941,0.2554,Status: Suspect
76.0,160,5,0.2177,0.1874,0.248,Status: Suspect
77.0,155,1,0.2163,0.186,0.2465,Status: Suspect
78.0,154,1,0.2149,0.1847,0.2451,Status: Suspect
79.0,153,1,0.2135,0.1834,0.2436,Status: Suspect
80.0,152,2,0.2107,0.1807,0.2406,Status: Suspect
81.0,150,4,0.2051,0.1754,0.2347,Status: Suspect
82.0,146,2,0.2022,0.1727,0.2318,Status: Suspect
83.0,144,3,0.198,0.1688,0.2273,Status: Suspect
84.0,141,8,0.1868,0.1582,0.2154,Status: Suspect
85.0,133,3,0.1826,0.1542,0.211,Status: Suspect
87.0,130,2,0.1798,0.1516,0.208,Status: Suspect
88.0,128,3,0.1756,0.1476,0.2035,Status: Suspect
89.0,125,4,0.1699,0.1424,0.1975,Status: Suspect
90.0,121,2,0.1671,0.1397,0.1945,Status: Suspect
91.0,119,2,0.1643,0.1371,0.1915,Status: Suspect
94.0,117,1,0.1629,0.1358,0.19,Status: Suspect
95.0,116,5,0.1559,0.1293,0.1825,Status: Suspect
96.0,111,2,0.1531,0.1266,0.1795,Status: Suspect
97.0,109,2,0.1503,0.124,0.1765,Status: Suspect
98.0,107,3,0.1461,0.1201,0.172,Status: Suspect
99.0,104,1,0.1447,0.1188,0.1705,Status: Suspect
100.0,103,2,0.1419,0.1162,0.1675,Status: Suspect
101.0,101,3,0.1376,0.1123,0.1629,Status: Suspect
102.0,98,1,0.1362,0.111,0.1614,Status: Suspect
103.0,97,2,0.1334,0.1084,0.1584,Status: Suspect
104.0,95,1,0.132,0.1072,0.1569,Status: Suspect
105.0,94,2,0.1292,0.1046,0.1539,Status: Suspect
110.0,92,3,0.125,0.1007,0.1493,Status: Suspect
111.0,89,1,0.1236,0.0994,0.1478,Status: Suspect
112.0,88,1,0.1222,0.0981,0.1462,Status: Suspect
118.0,87,2,0.1194,0.0956,0.1432,Status: Suspect
119.0,85,1,0.118,0.0943,0.1417,Status: Suspect
122.0,84,2,0.1152,0.0917,0.1386,Status: Suspect
123.0,82,1,0.1138,0.0904,0.1371,Status: Suspect
125.0,81,5,0.1067,0.0841,0.1294,Status: Suspect
126.0,76,1,0.1053,0.0828,0.1279,Status: Suspect
128.0,75,3,0.1011,0.079,0.1233,Status: Suspect
129.0,72,8,0.0899,0.0689,0.1109,Status: Suspect
130.0,64,3,0.0857,0.0651,0.1062,Status: Suspect
132.0,61,1,0.0843,0.0639,0.1047,Status: Suspect
133.0,60,10,0.0702,0.0515,0.089,Status: Suspect
135.0,50,1,0.0688,0.0502,0.0874,Status: Suspect
137.0,49,5,0.0618,0.0441,0.0795,Status: Suspect
138.0,44,2,0.059,0.0417,0.0763,Status: Suspect
141.0,42,1,0.0576,0.0405,0.0747,Status: Suspect
144.0,41,1,0.0562,0.0393,0.0731,Status: Suspect
148.0,40,2,0.0534,0.0369,0.0699,Status: Suspect
151.0,38,1,0.052,0.0357,0.0683,Status: Suspect
152.0,37,1,0.0506,0.0345,0.0667,Status: Suspect
154.0,36,5,0.0435,0.0285,0.0585,Status: Suspect
157.0,31,1,0.0421,0.0274,0.0569,Status: Suspect
158.0,30,1,0.0407,0.0262,0.0552,Status: Suspect
159.0,29,1,0.0393,0.025,0.0536,Status: Suspect
168.0,28,1,0.0379,0.0239,0.052,Status: Suspect
172.0,27,1,0.0365,0.0227,0.0503,Status: Suspect
180.0,26,26,0.0,0.0,0.0,Status: Suspect
0.0,428,0,1.0,1.0,1.0,Status: Ghost
1.0,428,28,0.9346,0.9112,0.958,Status: Ghost
2.0,400,2,0.9299,0.9057,0.9541,Status: Ghost
3.0,398,10,0.9065,0.879,0.9341,Status: Ghost
4.0,388,8,0.8879,0.858,0.9177,Status: Ghost
5.0,380,4,0.8785,0.8476,0.9095,Status: Ghost
6.0,376,3,0.8715,0.8398,0.9032,Status: Ghost
7.0,373,9,0.8505,0.8167,0.8843,Status: Ghost
8.0,364,2,0.8458,0.8116,0.88,Status: Ghost
10.0,362,6,0.8318,0.7963,0.8672,Status: Ghost
11.0,356,6,0.8178,0.7812,0.8543,Status: Ghost
12.0,350,3,0.8107,0.7736,0.8479,Status: Ghost
13.0,347,5,0.7991,0.7611,0.837,Status: Ghost
14.0,342,2,0.7944,0.7561,0.8327,Status: Ghost
15.0,340,1,0.7921,0.7536,0.8305,Status: Ghost
17.0,339,3,0.785,0.7461,0.824,Status: Ghost
18.0,336,2,0.7804,0.7412,0.8196,Status: Ghost
19.0,334,6,0.7664,0.7263,0.8064,Status: Ghost
20.0,328,3,0.7593,0.7188,0.7998,Status: Ghost
21.0,325,4,0.75,0.709,0.791,Status: Ghost
24.0,321,5,0.7383,0.6967,0.78,Status: Ghost
25.0,316,3,0.7313,0.6893,0.7733,Status: Ghost
26.0,313,3,0.7243,0.682,0.7666,Status: Ghost
27.0,310,2,0.7196,0.6771,0.7622,Status: Ghost
28.0,308,3,0.7126,0.6697,0.7555,Status: Ghost
29.0,305,1,0.7103,0.6673,0.7533,Status: Ghost
32.0,304,1,0.7079,0.6649,0.751,Status: Ghost
33.0,303,1,0.7056,0.6624,0.7488,Status: Ghost
34.0,302,5,0.6939,0.6503,0.7376,Status: Ghost
38.0,297,3,0.6869,0.643,0.7309,Status: Ghost
39.0,294,1,0.6846,0.6406,0.7286,Status: Ghost
40.0,293,1,0.6822,0.6381,0.7264,Status: Ghost
41.0,292,1,0.6799,0.6357,0.7241,Status: Ghost
45.0,291,1,0.6776,0.6333,0.7219,Status: Ghost
46.0,290,1,0.6752,0.6309,0.7196,Status: Ghost
49.0,289,1,0.6729,0.6284,0.7173,Status: Ghost
50.0,288,2,0.6682,0.6236,0.7128,Status: Ghost
53.0,286,1,0.6659,0.6212,0.7106,Status: Ghost
54.0,285,1,0.6636,0.6188,0.7083,Status: Ghost
60.0,284,1,0.6612,0.6164,0.7061,Status: Ghost
67.0,283,1,0.6589,0.614,0.7038,Status: Ghost
68.0,282,1,0.6565,0.6116,0.7015,Status: Ghost
75.0,281,1,0.6542,0.6091,0.6993,Status: Ghost
80.0,280,1,0.6519,0.6067,0.697,Status: Ghost
87.0,279,2,0.6472,0.6019,0.6925,Status: Ghost
95.0,277,2,0.6425,0.5971,0.6879,Status: Ghost
97.0,275,1,0.6402,0.5947,0.6857,Status: Ghost
102.0,274,1,0.6379,0.5923,0.6834,Status: Ghost
103.0,273,1,0.6355,0.5899,0.6811,Status: Ghost
104.0,272,1,0.6332,0.5875,0.6788,Status: Ghost
105.0,271,2,0.6285,0.5827,0.6743,Status: Ghost
111.0,269,1,0.6262,0.5803,0.672,Status: Ghost
112.0,268,2,0.6215,0.5755,0.6674,Status: Ghost
115.0,266,1,0.6192,0.5732,0.6652,Status: Ghost
116.0,265,1,0.6168,0.5708,0.6629,Status: Ghost
117.0,264,1,0.6145,0.5684,0.6606,Status: Ghost
118.0,263,3,0.6075,0.5612,0.6537,Status: Ghost
122.0,260,15,0.5724,0.5256,0.6193,Status: Ghost
123.0,245,6,0.5584,0.5114,0.6055,Status: Ghost
124.0,239,7,0.5421,0.4949,0.5893,Status: Ghost
125.0,232,7,0.5257,0.4784,0.573,Status: Ghost
126.0,225,2,0.521,0.4737,0.5684,Status: Ghost
127.0,223,3,0.514,0.4667,0.5614,Status: Ghost
128.0,220,10,0.4907,0.4433,0.538,Status: Ghost
129.0,210,26,0.4299,0.383,0.4768,Status: Ghost
130.0,184,63,0.2827,0.24,0.3254,Status: Ghost
132.0,121,5,0.271,0.2289,0.3131,Status: Ghost
133.0,116,14,0.2383,0.198,0.2787,Status: Ghost
135.0,102,1,0.236,0.1958,0.2762,Status: Ghost
137.0,101,36,0.1519,0.1179,0.1859,Status: Ghost
138.0,65,1,0.1495,0.1157,0.1833,Status: Ghost
139.0,64,1,0.1472,0.1136,0.1808,Status: Ghost
142.0,63,1,0.1449,0.1115,0.1782,Status: Ghost
154.0,62,1,0.1425,0.1094,0.1756,Status: Ghost
158.0,61,1,0.1402,0.1073,0.1731,Status: Ghost
159.0,60,3,0.1332,0.101,0.1654,Status: Ghost
160.0,57,1,0.1308,0.0989,0.1628,Status: Ghost
165.0,56,2,0.1262,0.0947,0.1576,Status: Ghost
167.0,54,1,0.1238,0.0926,0.155,Status: Ghost
174.0,53,1,0.1215,0.0905,0.1524,Status: Ghost
175.0,52,2,0.1168,0.0864,0.1473,Status: Ghost
178.0,50,1,0.1145,0.0843,0.1447,Status: Ghost
180.0,49,49,0.0,0.0,0.0,Status: Ghost
0.0,1000,0,1.0,1.0,1.0,Portal: LinkedIn
1.0,1000,36,0.964,0.9525,0.9755,Portal: LinkedIn
2.0,964,7,0.957,0.9444,0.9696,Portal: LinkedIn
3.0,957,15,0.942,0.9275,0.9565,Portal: LinkedIn
4.0,942,52,0.89,0.8706,0.9094,Portal: LinkedIn
5.0,890,52,0.838,0.8152,0.8608,Portal: LinkedIn
6.0,838,24,0.814,0.7899,0.8381,Portal: LinkedIn
7.0,814,30,0.784,0.7585,0.8095,Portal: LinkedIn
8.0,784,18,0.766,0.7398,0.7922,Portal: LinkedIn
9.0,766,12,0.754,0.7273,0.7807,Portal: LinkedIn
10.0,754,26,0.728,0.7004,0.7556,Portal: LinkedIn
11.0,728,60,0.668,0.6388,0.6972,Portal: LinkedIn
12.0,668,304,0.364,0.3342,0.3938,Portal: LinkedIn
13.0,364,22,0.342,0.3126,0.3714,Portal: LinkedIn
14.0,342,23,0.319,0.2901,0.3479,Portal: LinkedIn
15.0,319,16,0.303,0.2745,0.3315,Portal: LinkedIn
16.0,303,5,0.298,0.2697,0.3263,Portal: LinkedIn
17.0,298,11,0.287,0.259,0.315,Portal: LinkedIn
18.0,287,21,0.266,0.2386,0.2934,Portal: LinkedIn
19.0,266,18,0.248,0.2212,0.2748,Portal: LinkedIn
20.0,248,13,0.235,0.2087,0.2613,Portal: LinkedIn
21.0,235,17,0.218,0.1924,0.2436,Portal: LinkedIn
22.0,218,6,0.212,0.1867,0.2373,Portal: LinkedIn
23.0,212,1,0.211,0.1857,0.2363,Portal: LinkedIn
24.0,211,3,0.208,0.1828,0.2332,Portal: LinkedIn
25.0,208,6,0.202,0.1771,0.2269,Portal: LinkedIn
26.0,202,11,0.191,0.1666,0.2154,Portal: LinkedIn
27.0,191,3,0.188,0.1638,0.2122,Portal: LinkedIn
28.0,188,4,0.184,0.16,0.208,Portal: LinkedIn
29.0,184,10,0.174,0.1505,0.1975,Portal: LinkedIn
30.0,174,2,0.172,0.1486,0.1954,Portal: LinkedIn
31.0,172,1,0.171,0.1477,0.1943,Portal: LinkedIn
32.0,171,1,0.17,0.1467,0.1933,Portal: LinkedIn
33.0,170,4,0.166,0.1429,0.1891,Portal: LinkedIn
34.0,166,3,0.163,0.1401,0.1859,Portal: LinkedIn
35.0,163,3,0.16,0.1373,0.1827,Portal: LinkedIn
36.0,160,1,0.159,0.1363,0.1817,Portal: LinkedIn
38.0,159,2,0.157,0.1345,0.1795,Portal: LinkedIn
39.0,157,2,0.155,0.1326,0.1774,Portal: LinkedIn
40.0,155,2,0.153,0.1307,0.1753,Portal: LinkedIn
42.0,153,2,0.151,0.1288,0.1732,Portal: LinkedIn
43.0,151,2,0.149,0.1269,0.1711,Portal: LinkedIn
46.0,149,1,0.148,0.126,0.17,Portal: LinkedIn
48.0,148,2,0.146,0.1241,0.1679,Portal: LinkedIn
49.0,146,2,0.144,0.1222,0.1658,Portal: LinkedIn
50.0,144,1,0.143,0.1213,0.1647,Portal: LinkedIn
52.0,143,2,0.141,0.1194,0.1626,Portal: LinkedIn
54.0,141,2,0.139,0.1176,0.1604,Portal: LinkedIn
55.0,139,4,0.135,0.1138,0.1562,Portal: LinkedIn
56.0,135,3,0.132,0.111,0.153,Portal: LinkedIn
57.0,132,2,0.13,0.1092,0.1508,Portal: LinkedIn
58.0,130,2,0.128,0.1073,0.1487,Portal: LinkedIn
61.0,128,1,0.127,0.1064,0.1476,Portal: LinkedIn
63.0,127,4,0.123,0.1026,0.1434,Portal: LinkedIn
66.0,123,1,0.122,0.1017,0.1423,Portal: LinkedIn
67.0,122,1,0.121,0.1008,0.1412,Portal: LinkedIn
68.0,121,4,0.117,0.0971,0.1369,Portal: LinkedIn
71.0,117,2,0.115,0.0952,0.1348,Portal: LinkedIn
73.0,115,1,0.114,0.0943,0.1337,Portal: LinkedIn
75.0,114,1,0.113,0.0934,0.1326,Portal: LinkedIn
76.0,113,1,0.112,0.0925,0.1315,Portal: LinkedIn
78.0,112,1,0.111,0.0915,0.1305,Portal: LinkedIn
81.0,111,1,0.11,0.0906,0.1294,Portal: LinkedIn
82.0,110,1,0.109,0.0897,0.1283,Portal: LinkedIn
84.0,109,2,0.107,0.0878,0.1262,Portal: LinkedIn
85.0,107,2,0.105,0.086,0.124,Portal: LinkedIn
87.0,105,1,0.104,0.0851,0.1229,Portal: LinkedIn
88.0,104,1,0.103,0.0842,0.1218,Portal: LinkedIn
89.0,103,1,0.102,0.0832,0.1208,Portal: LinkedIn
91.0,102,1,0.101,0.0823,0.1197,Portal: LinkedIn
97.0,101,1,0.1,0.0814,0.1186,Portal: LinkedIn
98.0,100,3,0.097,0.0787,0.1153,Portal: LinkedIn
99.0,97,1,0.096,0.0777,0.1143,Portal: LinkedIn
100.0,96,1,0.095,0.0768,0.1132,Portal: LinkedIn
103.0,95,1,0.094,0.0759,0.1121,Portal: LinkedIn
105.0,94,1,0.093,0.075,0.111,Portal: LinkedIn
112.0,93,1,0.092,0.0741,0.1099,Portal: LinkedIn
119.0,92,1,0.091,0.0732,0.1088,Portal: LinkedIn
128.0,91,1,0.09,0.0723,0.1077,Portal: LinkedIn
133.0,90,3,0.087,0.0695,0.1045,Portal: LinkedIn
141.0,87,1,0.086,0.0686,0.1034,Portal: LinkedIn
142.0,86,1,0.085,0.0677,0.1023,Portal: LinkedIn
144.0,85,1,0.084,0.0668,0.1012,Portal: LinkedIn
148.0,84,2,0.082,0.065,0.099,Portal: LinkedIn
151.0,82,1,0.081,0.0641,0.0979,Portal: LinkedIn
152.0,81,1,0.08,0.0632,0.0968,Portal: LinkedIn
154.0,80,6,0.074,0.0578,0.0902,Portal: LinkedIn
157.0,74,1,0.073,0.0569,0.0891,Portal: LinkedIn
158.0,73,1,0.072,0.056,0.088,Portal: LinkedIn
159.0,72,4,0.068,0.0524,0.0836,Portal: LinkedIn
160.0,68,1,0.067,0.0515,0.0825,Portal: LinkedIn
167.0,67,1,0.066,0.0506,0.0814,Portal: LinkedIn
168.0,66,1,0.065,0.0497,0.0803,Portal: LinkedIn
172.0,65,1,0.064,0.0488,0.0792,Portal: LinkedIn
174.0,64,1,0.063,0.0479,0.0781,Portal: LinkedIn
175.0,63,2,0.061,0.0462,0.0758,Portal: LinkedIn
180.0,61,61,0.0,0.0,0.0,Portal: LinkedIn
0.0,978,0,1.0,1.0,1.0,Portal: Indeed
1.0,978,868,0.1125,0.0927,0.1323,Portal: Indeed
2.0,110,28,0.0838,0.0665,0.1012,Portal: Indeed
3.0,82,73,0.0092,0.0032,0.0152,Portal: Indeed
4.0,9,9,0.0,0.0,0.0,Portal: Indeed
0.0,873,0,1.0,1.0,1.0,Portal: Glassdoor
1.0,873,52,0.9404,0.9247,0.9561,Portal: Glassdoor
2.0,821,2,0.9381,0.9222,0.9541,Portal: Glassdoor
3.0,819,23,0.9118,0.893,0.9306,Portal: Glassdoor
4.0,796,29,0.8786,0.8569,0.9002,Portal: Glassdoor
5.0,767,13,0.8637,0.8409,0.8864,Portal: Glassdoor
6.0,754,15,0.8465,0.8226,0.8704,Portal: Glassdoor
7.0,739,17,0.827,0.8019,0.8521,Portal: Glassdoor
8.0,722,3,0.8236,0.7983,0.8489,Portal: Glassdoor
9.0,719,2,0.8213,0.7959,0.8467,Portal: Glassdoor
10.0,717,16,0.803,0.7766,0.8294,Portal: Glassdoor
11.0,701,19,0.7812,0.7538,0.8086,Portal: Glassdoor
12.0,682,13,0.7663,0.7383,0.7944,Portal: Glassdoor
13.0,669,23,0.74,0.7109,0.7691,Portal: Glassdoor
14.0,646,9,0.7297,0.7002,0.7591,Portal: Glassdoor
15.0,637,1,0.7285,0.699,0.758,Portal: Glassdoor
16.0,636,2,0.7262,0.6967,0.7558,Portal: Glassdoor
17.0,634,9,0.7159,0.686,0.7458,Portal: Glassdoor
18.0,625,10,0.7045,0.6742,0.7347,Portal: Glassdoor
19.0,615,18,0.6838,0.653,0.7147,Portal: Glassdoor
20.0,597,10,0.6724,0.6413,0.7035,Portal: Glassdoor
21.0,587,17,0.6529,0.6213,0.6845,Portal: Glassdoor
22.0,570,1,0.6518,0.6202,0.6834,Portal: Glassdoor
24.0,569,10,0.6403,0.6085,0.6722,Portal: Glassdoor
25.0,559,10,0.6289,0.5968,0.6609,Portal: Glassdoor
26.0,549,11,0.6163,0.584,0.6485,Portal: Glassdoor
27.0,538,14,0.6002,0.5677,0.6327,Portal: Glassdoor
28.0,524,12,0.5865,0.5538,0.6192,Portal: Glassdoor
29.0,512,4,0.5819,0.5492,0.6146,Portal: Glassdoor
31.0,508,12,0.5682,0.5353,0.601,Portal: Glassdoor
32.0,496,10,0.5567,0.5237,0.5897,Portal: Glassdoor
33.0,486,11,0.5441,0.5111,0.5771,Portal: Glassdoor
34.0,475,13,0.5292,0.4961,0.5623,Portal: Glassdoor
35.0,462,5,0.5235,0.4904,0.5566,Portal: Glassdoor
37.0,457,1,0.5223,0.4892,0.5555,Portal: Glassdoor
38.0,456,7,0.5143,0.4812,0.5475,Portal: Glassdoor
39.0,449,8,0.5052,0.472,0.5383,Portal: Glassdoor
40.0,441,3,0.5017,0.4686,0.5349,Portal: Glassdoor
41.0,438,9,0.4914,0.4582,0.5246,Portal: Glassdoor
42.0,429,6,0.4845,0.4514,0.5177,Portal: Glassdoor
43.0,423,1,0.4834,0.4502,0.5165,Portal: Glassdoor
44.0,422,1,0.4822,0.4491,0.5154,Portal: Glassdoor
45.0,421,8,0.4731,0.44,0.5062,Portal: Glassdoor
46.0,413,8,0.4639,0.4308,0.497,Portal: Glassdoor
47.0,405,3,0.4605,0.4274,0.4935,Portal: Glassdoor
48.0,402,3,0.457,0.424,0.4901,Portal: Glassdoor
49.0,399,8,0.4479,0.4149,0.4809,Portal: Glassdoor
50.0,391,2,0.4456,0.4126,0.4786,Portal: Glassdoor
52.0,389,1,0.4444,0.4115,0.4774,Portal: Glassdoor
53.0,388,3,0.441,0.4081,0.4739,Portal: Glassdoor
54.0,385,4,0.4364,0.4035,0.4693,Portal: Glassdoor
55.0,381,5,0.4307,0.3979,0.4635,Portal: Glassdoor
56.0,376,3,0.4273,0.3944,0.4601,Portal: Glassdoor
59.0,373,4,0.4227,0.3899,0.4554,Portal: Glassdoor
60.0,369,4,0.4181,0.3854,0.4508,Portal: Glassdoor
61.0,365,6,0.4112,0.3786,0.4439,Portal: Glassdoor
62.0,359,5,0.4055,0.3729,0.4381,Portal: Glassdoor
63.0,354,4,0.4009,0.3684,0.4334,Portal: Glassdoor
66.0,350,1,0.3998,0.3673,0.4323,Portal: Glassdoor
67.0,349,4,0.3952,0.3628,0.4276,Portal: Glassdoor
68.0,345,6,0.3883,0.356,0.4206,Portal: Glassdoor
69.0,339,2,0.386,0.3537,0.4183,Portal: Glassdoor
70.0,337,1,0.3849,0.3526,0.4172,Portal: Glassdoor
73.0,336,3,0.3814,0.3492,0.4137,Portal: Glassdoor
75.0,333,6,0.3746,0.3425,0.4067,Portal: Glassdoor
76.0,327,4,0.37,0.338,0.402,Portal: Glassdoor
77.0,323,1,0.3688,0.3368,0.4008,Portal: Glassdoor
79.0,322,1,0.3677,0.3357,0.3997,Portal: Glassdoor
80.0,321,3,0.3643,0.3323,0.3962,Portal: Glassdoor
81.0,318,3,0.3608,0.329,0.3927,Portal: Glassdoor
82.0,315,1,0.3597,0.3278,0.3915,Portal: Glassdoor
83.0,314,3,0.3562,0.3245,0.388,Portal: Glassdoor
84.0,311,6,0.3494,0.3177,0.381,Portal: Glassdoor
85.0,305,1,0.3482,0.3166,0.3798,Portal: Glassdoor
87.0,304,3,0.3448,0.3133,0.3763,Portal: Glassdoor
88.0,301,2,0.3425,0.311,0.374,Portal: Glassdoor
89.0,299,3,0.3391,0.3077,0.3705,Portal: Glassdoor
90.0,296,2,0.3368,0.3054,0.3681,Portal: Glassdoor
91.0,294,1,0.3356,0.3043,0.3669,Portal: Glassdoor
94.0,293,1,0.3345,0.3032,0.3658,Portal: Glassdoor
95.0,292,7,0.3265,0.2954,0.3576,Portal: Glassdoor
96.0,285,2,0.3242,0.2931,0.3552,Portal: Glassdoor
97.0,283,2,0.3219,0.2909,0.3529,Portal: Glassdoor
100.0,281,1,0.3207,0.2898,0.3517,Portal: Glassdoor
101.0,280,3,0.3173,0.2864,0.3482,Portal: Glassdoor
102.0,277,2,0.315,0.2842,0.3458,Portal: Glassdoor
103.0,275,2,0.3127,0.282,0.3435,Portal: Glassdoor
104.0,273,2,0.3104,0.2797,0.3411,Portal: Glassdoor
105.0,271,3,0.307,0.2764,0.3376,Portal: Glassdoor
110.0,268,3,0.3036,0.2731,0.3341,Portal: Glassdoor
111.0,265,2,0.3013,0.2708,0.3317,Portal: Glassdoor
112.0,263,2,0.299,0.2686,0.3293,Portal: Glassdoor
115.0,261,1,0.2978,0.2675,0.3282,Portal: Glassdoor
116.0,260,1,0.2967,0.2664,0.327,Portal: Glassdoor
117.0,259,1,0.2955,0.2653,0.3258,Portal: Glassdoor
118.0,258,5,0.2898,0.2597,0.3199,Portal: Glassdoor
122.0,253,17,0.2703,0.2409,0.2998,Portal: Glassdoor
123.0,236,7,0.2623,0.2331,0.2915,Portal: Glassdoor
124.0,229,7,0.2543,0.2254,0.2832,Portal: Glassdoor
125.0,222,12,0.2405,0.2122,0.2689,Portal: Glassdoor
126.0,210,3,0.2371,0.2089,0.2653,Portal: Glassdoor
127.0,207,3,0.2337,0.2056,0.2617,Portal: Glassdoor
128.0,204,12,0.2199,0.1925,0.2474,Portal: Glassdoor
129.0,192,34,0.181,0.1554,0.2065,Portal: Glassdoor
130.0,158,66,0.1054,0.085,0.1258,Portal: Glassdoor
132.0,92,6,0.0985,0.0787,0.1183,Portal: Glassdoor
133.0,86,21,0.0745,0.057,0.0919,Portal: Glassdoor
135.0,65,2,0.0722,0.055,0.0893,Portal: Glassdoor
137.0,63,41,0.0252,0.0148,0.0356,Portal: Glassdoor
138.0,22,3,0.0218,0.0121,0.0314,Portal: Glassdoor
139.0,19,1,0.0206,0.0112,0.03,Portal: Glassdoor
158.0,18,1,0.0195,0.0103,0.0286,Portal: Glassdoor
165.0,17,2,0.0172,0.0086,0.0258,Portal: Glassdoor
178.0,15,1,0.016,0.0077,0.0244,Portal: Glassdoor
180.0,14,14,0.0,0.0,0.0,Portal: Glassdoor
0.0,482,0,1.0,1.0,1.0,Salary: Disclosed
1.0,482,137,0.7158,0.6755,0.756,Salary: Disclosed
2.0,345,8,0.6992,0.6582,0.7401,Salary: Disclosed
3.0,337,20,0.6577,0.6153,0.7,Salary: Disclosed
4.0,317,18,0.6203,0.577,0.6637,Salary: Disclosed
5.0,299,7,0.6058,0.5622,0.6494,Salary: Disclosed
6.0,292,7,0.5913,0.5474,0.6352,Salary: Disclosed
7.0,285,10,0.5705,0.5263,0.6147,Salary: Disclosed
8.0,275,2,0.5664,0.5221,0.6106,Salary: Disclosed
9.0,273,1,0.5643,0.52,0.6086,Salary: Disclosed
10.0,272,8,0.5477,0.5033,0.5922,Salary: Disclosed
11.0,264,8,0.5311,0.4866,0.5757,Salary: Disclosed
12.0,256,5,0.5207,0.4761,0.5653,Salary: Disclosed
13.0,251,13,0.4938,0.4491,0.5384,Salary: Disclosed
14.0,238,5,0.4834,0.4388,0.528,Salary: Disclosed
15.0,233,1,0.4813,0.4367,0.5259,Salary: Disclosed
16.0,232,2,0.4772,0.4326,0.5218,Salary: Disclosed
17.0,230,5,0.4668,0.4223,0.5113,Salary: Disclosed
18.0,225,4,0.4585,0.414,0.503,Salary: Disclosed
19.0,221,7,0.444,0.3996,0.4883,Salary: Disclosed
20.0,214,4,0.4357,0.3914,0.48,Salary: Disclosed
21.0,210,5,0.4253,0.3812,0.4694,Salary: Disclosed
24.0,205,5,0.4149,0.371,0.4589,Salary: Disclosed
25.0,200,4,0.4066,0.3628,0.4505,Salary: Disclosed
26.0,196,6,0.3942,0.3506,0.4378,Salary: Disclosed
27.0,190,3,0.388,0.3445,0.4315,Salary: Disclosed
28.0,187,5,0.3776,0.3343,0.4209,Salary: Disclosed
29.0,182,2,0.3734,0.3303,0.4166,Salary: Disclosed
31.0,180,1,0.3714,0.3282,0.4145,Salary: Disclosed
32.0,179,2,0.3672,0.3242,0.4103,Salary: Disclosed
33.0,177,3,0.361,0.3181,0.4039,Salary: Disclosed
34.0,174,7,0.3465,0.304,0.389,Salary: Disclosed
37.0,167,1,0.3444,0.302,0.3868,Salary: Disclosed
38.0,166,4,0.3361,0.2939,0.3783,Salary: Disclosed
39.0,162,2,0.332,0.2899,0.374,Salary: Disclosed
40.0,160,2,0.3278,0.2859,0.3697,Salary: Disclosed
41.0,158,3,0.3216,0.2799,0.3633,Salary: Disclosed
45.0,155,1,0.3195,0.2779,0.3611,Salary: Disclosed
46.0,154,1,0.3174,0.2759,0.359,Salary: Disclosed
48.0,153,2,0.3133,0.2719,0.3547,Salary: Disclosed
49.0,151,1,0.3112,0.2699,0.3525,Salary: Disclosed
50.0,150,2,0.3071,0.2659,0.3482,Salary: Disclosed
53.0,148,1,0.305,0.2639,0.3461,Salary: Disclosed
54.0,147,1,0.3029,0.2619,0.3439,Salary: Disclosed
60.0,146,1,0.3008,0.2599,0.3418,Salary: Disclosed
61.0,145,1,0.2988,0.2579,0.3396,Salary: Disclosed
63.0,144,1,0.2967,0.2559,0.3375,Salary: Disclosed
67.0,143,1,0.2946,0.2539,0.3353,Salary: Disclosed
68.0,142,1,0.2925,0.2519,0.3331,Salary: Disclosed
73.0,141,1,0.2905,0.2499,0.331,Salary: Disclosed
75.0,140,1,0.2884,0.2479,0.3288,Salary: Disclosed
76.0,139,1,0.2863,0.246,0.3267,Salary: Disclosed
80.0,138,2,0.2822,0.242,0.3223,Salary: Disclosed
82.0,136,1,0.2801,0.24,0.3202,Salary: Disclosed
83.0,135,1,0.278,0.238,0.318,Salary: Disclosed
84.0,134,2,0.2739,0.234,0.3137,Salary: Disclosed
87.0,132,2,0.2697,0.2301,0.3093,Salary: Disclosed
91.0,130,1,0.2676,0.2281,0.3072,Salary: Disclosed
95.0,129,3,0.2614,0.2222,0.3006,Salary: Disclosed
97.0,126,1,0.2593,0.2202,0.2985,Salary: Disclosed
105.0,125,1,0.2573,0.2182,0.2963,Salary: Disclosed
111.0,124,1,0.2552,0.2163,0.2941,Salary: Disclosed
112.0,123,1,0.2531,0.2143,0.2919,Salary: Disclosed
118.0,122,2,0.249,0.2104,0.2876,Salary: Disclosed
122.0,120,6,0.2365,0.1986,0.2745,Salary: Disclosed
123.0,114,5,0.2261,0.1888,0.2635,Salary: Disclosed
124.0,109,3,0.2199,0.1829,0.2569,Salary: Disclosed
125.0,106,1,0.2178,0.181,0.2547,Salary: Disclosed
126.0,105,1,0.2158,0.179,0.2525,Salary: Disclosed
127.0,104,1,0.2137,0.1771,0.2503,Salary: Disclosed
128.0,103,5,0.2033,0.1674,0.2393,Salary: Disclosed
129.0,98,19,0.1639,0.1309,0.1969,Salary: Disclosed
130.0,79,29,0.1037,0.0765,0.131,Salary: Disclosed
132.0,50,4,0.0954,0.0692,0.1217,Salary: Disclosed
133.0,46,10,0.0747,0.0512,0.0982,Salary: Disclosed
137.0,36,29,0.0145,0.0038,0.0252,Salary: Disclosed
138.0,7,1,0.0124,0.0025,0.0223,Salary: Disclosed
178.0,6,1,0.0104,0.0013,0.0194,Salary: Disclosed
180.0,5,5,0.0,0.0,0.0,Salary: Disclosed
0.0,2369,0,1.0,1.0,1.0,Salary: Undisclosed
1.0,2369,819,0.6543,0.6351,0.6734,Salary: Undisclosed
2.0,1550,29,0.642,0.6227,0.6613,Salary: Undisclosed
3.0,1521,91,0.6036,0.5839,0.6233,Salary: Undisclosed
4.0,1430,72,0.5732,0.5533,0.5932,Salary: Undisclosed
5.0,1358,58,0.5488,0.5287,0.5688,Salary: Undisclosed
6.0,1300,32,0.5352,0.5152,0.5553,Salary: Undisclosed
7.0,1268,37,0.5196,0.4995,0.5397,Salary: Undisclosed
8.0,1231,19,0.5116,0.4915,0.5317,Salary: Undisclosed
9.0,1212,13,0.5061,0.486,0.5263,Salary: Undisclosed
10.0,1199,34,0.4918,0.4716,0.5119,Salary: Undisclosed
11.0,1165,71,0.4618,0.4417,0.4819,Salary: Undisclosed
12.0,1094,312,0.3301,0.3112,0.349,Salary: Undisclosed
13.0,782,32,0.3166,0.2979,0.3353,Salary: Undisclosed
14.0,750,27,0.3052,0.2866,0.3237,Salary: Undisclosed
15.0,723,16,0.2984,0.28,0.3169,Salary: Undisclosed
16.0,707,5,0.2963,0.2779,0.3147,Salary: Undisclosed
17.0,702,15,0.29,0.2717,0.3083,Salary: Undisclosed
18.0,687,27,0.2786,0.2605,0.2967,Salary: Undisclosed
19.0,660,29,0.2664,0.2486,0.2842,Salary: Undisclosed
20.0,631,19,0.2583,0.2407,0.276,Salary: Undisclosed
21.0,612,29,0.2461,0.2288,0.2634,Salary: Undisclosed
22.0,583,7,0.2431,0.2259,0.2604,Salary: Undisclosed
23.0,576,1,0.2427,0.2255,0.26,Salary: Undisclosed
24.0,575,8,0.2393,0.2222,0.2565,Salary: Undisclosed
25.0,567,12,0.2343,0.2172,0.2513,Salary: Undisclosed
26.0,555,16,0.2275,0.2106,0.2444,Salary: Undisclosed
27.0,539,14,0.2216,0.2049,0.2383,Salary: Undisclosed
28.0,525,11,0.217,0.2004,0.2336,Salary: Undisclosed
29.0,514,12,0.2119,0.1954,0.2284,Salary: Undisclosed
30.0,502,2,0.2111,0.1946,0.2275,Salary: Undisclosed
31.0,500,12,0.206,0.1897,0.2223,Salary: Undisclosed
32.0,488,9,0.2022,0.186,0.2184,Salary: Undisclosed
33.0,479,12,0.1971,0.1811,0.2131,Salary: Undisclosed
34.0,467,9,0.1933,0.1774,0.2092,Salary: Undisclosed
35.0,458,8,0.19,0.1742,0.2057,Salary: Undisclosed
36.0,450,1,0.1895,0.1737,0.2053,Salary: Undisclosed
38.0,449,5,0.1874,0.1717,0.2031,Salary: Undisclosed
39.0,444,8,0.184,0.1684,0.1996,Salary: Undisclosed
40.0,436,3,0.1828,0.1672,0.1983,Salary: Undisclosed
41.0,433,6,0.1802,0.1648,0.1957,Salary: Undisclosed
42.0,427,8,0.1769,0.1615,0.1922,Salary: Undisclosed
43.0,419,3,0.1756,0.1603,0.1909,Salary: Undisclosed
44.0,416,1,0.1752,0.1599,0.1905,Salary: Undisclosed
45.0,415,7,0.1722,0.157,0.1874,Salary: Undisclosed
46.0,408,8,0.1688,0.1538,0.1839,Salary: Undisclosed
47.0,400,3,0.1676,0.1525,0.1826,Salary: Undisclosed
48.0,397,3,0.1663,0.1513,0.1813,Salary: Undisclosed
49.0,394,9,0.1625,0.1477,0.1774,Salary: Undisclosed
50.0,385,1,0.1621,0.1473,0.1769,Salary: Undisclosed
52.0,384,3,0.1608,0.146,0.1756,Salary: Undisclosed
53.0,381,2,0.16,0.1452,0.1747,Salary: Undisclosed
54.0,379,5,0.1579,0.1432,0.1726,Salary: Undisclosed
55.0,374,9,0.1541,0.1395,0.1686,Salary: Undisclosed
56.0,365,6,0.1515,0.1371,0.166,Salary: Undisclosed
57.0,359,2,0.1507,0.1363,0.1651,Salary: Undisclosed
58.0,357,2,0.1499,0.1355,0.1642,Salary: Undisclosed
59.0,355,4,0.1482,0.1339,0.1625,Salary: Undisclosed
60.0,351,3,0.1469,0.1326,0.1612,Salary: Undisclosed
61.0,348,6,0.1444,0.1302,0.1585,Salary: Undisclosed
62.0,342,5,0.1423,0.1282,0.1563,Salary: Undisclosed
63.0,337,7,0.1393,0.1254,0.1532,Salary: Undisclosed
66.0,330,2,0.1385,0.1245,0.1524,Salary: Undisclosed
67.0,328,4,0.1368,0.1229,0.1506,Salary: Undisclosed
68.0,324,9,0.133,0.1193,0.1466,Salary: Undisclosed
69.0,315,2,0.1321,0.1185,0.1458,Salary: Undisclosed
70.0,313,1,0.1317,0.1181,0.1453,Salary: Undisclosed
71.0,312,2,0.1309,0.1173,0.1444,Salary: Undisclosed
73.0,310,3,0.1296,0.1161,0.1431,Salary: Undisclosed
75.0,307,6,0.1271,0.1136,0.1405,Salary: Undisclosed
76.0,301,4,0.1254,0.112,0.1387,Salary: Undisclosed
77.0,297,1,0.1249,0.1116,0.1383,Salary: Undisclosed
78.0,296,1,0.1245,0.1112,0.1378,Salary: Undisclosed
79.0,295,1,0.1241,0.1108,0.1374,Salary: Undisclosed
80.0,294,1,0.1237,0.1104,0.1369,Salary: Undisclosed
81.0,293,4,0.122,0.1088,0.1352,Salary: Undisclosed
82.0,289,1,0.1216,0.1084,0.1347,Salary: Undisclosed
83.0,288,2,0.1207,0.1076,0.1338,Salary: Undisclosed
84.0,286,6,0.1182,0.1052,0.1312,Salary: Undisclosed
85.0,280,3,0.1169,0.104,0.1299,Salary: Undisclosed
87.0,277,2,0.1161,0.1032,0.129,Salary: Undisclosed
88.0,275,3,0.1148,0.102,0.1277,Salary: Undisclosed
89.0,272,4,0.1131,0.1004,0.1259,Salary: Undisclosed
90.0,268,2,0.1123,0.0996,0.125,Salary: Undisclosed
91.0,266,1,0.1119,0.0992,0.1246,Salary: Undisclosed
94.0,265,1,0.1114,0.0988,0.1241,Salary: Undisclosed
95.0,264,4,0.1098,0.0972,0.1223,Salary: Undisclosed
96.0,260,2,0.1089,0.0964,0.1215,Salary: Undisclosed
97.0,258,2,0.1081,0.0956,0.1206,Salary: Undisclosed
98.0,256,3,0.1068,0.0944,0.1192,Salary: Undisclosed
99.0,253,1,0.1064,0.094,0.1188,Salary: Undisclosed
100.0,252,2,0.1055,0.0932,0.1179,Salary: Undisclosed
101.0,250,3,0.1043,0.092,0.1166,Salary: Undisclosed
102.0,247,2,0.1034,0.0912,0.1157,Salary: Undisclosed
103.0,245,3,0.1022,0.09,0.1143,Salary: Undisclosed
104.0,242,2,0.1013,0.0892,0.1135,Salary: Undisclosed
105.0,240,3,0.1,0.088,0.1121,Salary: Undisclosed
110.0,237,3,0.0988,0.0868,0.1108,Salary: Undisclosed
111.0,234,1,0.0984,0.0864,0.1103,Salary: Undisclosed
112.0,233,2,0.0975,0.0856,0.1095,Salary: Undisclosed
115.0,231,1,0.0971,0.0852,0.109,Salary: Undisclosed
116.0,230,1,0.0967,0.0848,0.1086,Salary: Undisclosed
117.0,229,1,0.0962,0.0844,0.1081,Salary: Undisclosed
118.0,228,3,0.095,0.0832,0.1068,Salary: Undisclosed
119.0,225,1,0.0946,0.0828,0.1063,Salary: Undisclosed
122.0,224,11,0.0899,0.0784,0.1014,Salary: Undisclosed
123.0,213,2,0.0891,0.0776,0.1005,Salary: Undisclosed
124.0,211,4,0.0874,0.076,0.0988,Salary: Undisclosed
125.0,207,11,0.0827,0.0716,0.0938,Salary: Undisclosed
126.0,196,2,0.0819,0.0708,0.0929,Salary: Undisclosed
127.0,194,2,0.081,0.0701,0.092,Salary: Undisclosed
128.0,192,8,0.0777,0.0669,0.0884,Salary: Undisclosed
129.0,184,15,0.0713,0.061,0.0817,Salary: Undisclosed
130.0,169,37,0.0557,0.0465,0.065,Salary: Undisclosed
132.0,132,2,0.0549,0.0457,0.064,Salary: Undisclosed
133.0,130,14,0.049,0.0403,0.0577,Salary: Undisclosed
135.0,116,2,0.0481,0.0395,0.0567,Salary: Undisclosed
137.0,114,12,0.0431,0.0349,0.0512,Salary: Undisclosed
138.0,102,2,0.0422,0.0341,0.0503,Salary: Undisclosed
139.0,100,1,0.0418,0.0337,0.0498,Salary: Undisclosed
141.0,99,1,0.0414,0.0333,0.0494,Salary: Undisclosed
142.0,98,1,0.0409,0.033,0.0489,Salary: Undisclosed
144.0,97,1,0.0405,0.0326,0.0485,Salary: Undisclosed
148.0,96,2,0.0397,0.0318,0.0475,Salary: Undisclosed
151.0,94,1,0.0393,0.0314,0.0471,Salary: Undisclosed
152.0,93,1,0.0388,0.0311,0.0466,Salary: Undisclosed
154.0,92,6,0.0363,0.0288,0.0438,Salary: Undisclosed
157.0,86,1,0.0359,0.0284,0.0434,Salary: Undisclosed
158.0,85,2,0.035,0.0276,0.0424,Salary: Undisclosed
159.0,83,4,0.0333,0.0261,0.0406,Salary: Undisclosed
160.0,79,1,0.0329,0.0257,0.0401,Salary: Undisclosed
165.0,78,2,0.0321,0.025,0.0392,Salary: Undisclosed
167.0,76,1,0.0317,0.0246,0.0387,Salary: Undisclosed
168.0,75,1,0.0312,0.0242,0.0382,Salary: Undisclosed
172.0,74,1,0.0308,0.0239,0.0378,Salary: Undisclosed
174.0,73,1,0.0304,0.0235,0.0373,Salary: Undisclosed
175.0,72,2,0.0295,0.0227,0.0364,Salary: Undisclosed
180.0,70,70,0.0,0.0,0.0,Salary: Undisclosed
